order_id,order_number,customer_id,order_date,status,subtotal,discount_percent,shipping_cost,tax_amount,total_amount,payment_method,shipping_method,promotion_id,notes
1,ORD-20241227-00001,14,2024-12-27,processing,3757.65,9,200,789.11,4408.57,mercadopago,same_day,,
2,ORD-20241020-00002,58,2024-10-20,pending,3182.56,1,190,668.34,4009.07,cash_on_delivery,same_day,,
3,ORD-20250522-00003,62,2025-05-22,cancelled,1682.96,8,420,353.42,2321.74,debit_card,same_day,,
4,ORD-20240801-00004,45,2024-08-01,pending,2708.24,5,260,568.73,3401.56,cash_on_delivery,pickup,,
5,ORD-20230127-00005,119,2023-01-27,confirmed,5005.34,1,360,1051.12,6366.41,cash_on_delivery,standard,,
6,ORD-20230507-00006,15,2023-05-07,pending,5012.44,20,100,1052.61,5162.56,credit_card,express,,
7,ORD-20240131-00007,130,2024-01-31,pending,944.96,17,40,198.44,1022.76,debit_card,pickup,,
8,ORD-20230826-00008,54,2023-08-26,confirmed,5226.81,20,100,1097.63,5379.08,mercadopago,standard,,
9,ORD-20230831-00009,78,2023-08-31,delivered,1398.62,18,330,293.71,1770.58,mercadopago,express,,
10,ORD-20240112-00010,59,2024-01-12,shipped,899.72,12,370,188.94,1350.69,bank_transfer,standard,,
11,ORD-20230116-00011,148,2023-01-16,cancelled,4353.94,14,290,914.33,4948.72,cash_on_delivery,same_day,,
12,ORD-20231121-00012,68,2023-11-21,processing,1585.31,6,400,332.92,2223.11,mercadopago,standard,,
13,ORD-20250101-00013,135,2025-01-01,confirmed,5080.24,13,140,1066.85,5626.66,debit_card,express,,
14,ORD-20230712-00014,160,2023-07-12,delivered,496.15,9,450,104.19,1005.69,cash_on_delivery,standard,,
15,ORD-20230729-00015,1,2023-07-29,refunded,373.84,19,190,78.51,571.32,cash_on_delivery,same_day,,
16,ORD-20240605-00016,97,2024-06-05,confirmed,3459.36,2,100,726.47,4216.64,credit_card,standard,,
17,ORD-20250712-00017,3,2025-07-12,processing,1762.06,18,310,370.03,2124.92,mercadopago,express,10,
18,ORD-20231029-00018,13,2023-10-29,shipped,1908.76,20,450,400.84,2377.85,debit_card,same_day,,Nota del cliente: Dejar en portería
19,ORD-20251119-00019,133,2025-11-19,delivered,1722.89,14,50,361.81,1893.5,debit_card,standard,6,
20,ORD-20250916-00020,50,2025-09-16,shipped,1576.17,6,430,331,2242.6,bank_transfer,pickup,,
21,ORD-20250508-00021,10,2025-05-08,pending,2185.19,2,100,458.89,2700.38,debit_card,pickup,,
22,ORD-20250813-00022,15,2025-08-13,confirmed,3854.93,4,350,809.54,4860.27,bank_transfer,pickup,4,
23,ORD-20250319-00023,128,2025-03-19,confirmed,2832.06,11,130,594.73,3245.26,credit_card,express,,
24,ORD-20240517-00024,64,2024-05-17,delivered,6929.55,8,10,1455.21,7840.4,cash_on_delivery,standard,,
25,ORD-20240913-00025,140,2024-09-13,processing,1857.59,5,90,390.09,2244.8,debit_card,pickup,,
26,ORD-20250720-00026,76,2025-07-20,pending,1937.14,10,110,406.8,2260.23,mercadopago,pickup,,
27,ORD-20230315-00027,68,2023-03-15,delivered,1548.2,17,240,325.12,1850.13,credit_card,pickup,,
28,ORD-20241231-00028,125,2024-12-31,processing,2169.17,16,200,455.53,2477.63,bank_transfer,same_day,,Nota del cliente: Llamar antes
29,ORD-20240906-00029,3,2024-09-06,delivered,4270.77,17,370,896.86,4811.6,credit_card,express,,
30,ORD-20251003-00030,153,2025-10-03,pending,2081.78,16,290,437.17,2475.87,cash_on_delivery,express,,Nota del cliente: Llamar antes
31,ORD-20230926-00031,140,2023-09-26,processing,747.72,0,230,157.02,1134.74,cash_on_delivery,express,,Nota del cliente: Entregar por la tarde
32,ORD-20251121-00032,140,2025-11-21,shipped,3461.16,6,260,726.84,4240.33,mercadopago,same_day,,
33,ORD-20240312-00033,35,2024-03-12,delivered,2828.13,15,400,593.91,3397.82,cash_on_delivery,pickup,2,
34,ORD-20230921-00034,10,2023-09-21,cancelled,861.3,20,210,180.87,1079.91,cash_on_delivery,pickup,,
35,ORD-20230908-00035,4,2023-09-08,refunded,2435.73,15,340,511.5,2921.87,cash_on_delivery,standard,,
36,ORD-20240818-00036,161,2024-08-18,shipped,4890.74,16,210,1027.06,5345.28,mercadopago,same_day,,Nota del cliente: Llamar antes
37,ORD-20250320-00037,9,2025-03-20,cancelled,2831.15,20,10,594.54,2869.46,mercadopago,express,2,
38,ORD-20250624-00038,13,2025-06-24,pending,1226.89,0,20,257.65,1504.54,credit_card,same_day,,
39,ORD-20250926-00039,92,2025-09-26,pending,3213.5,18,0,674.84,3309.91,cash_on_delivery,standard,,
40,ORD-20250812-00040,71,2025-08-12,cancelled,2107.5,18,390,442.58,2560.73,cash_on_delivery,same_day,3,
41,ORD-20241031-00041,66,2024-10-31,confirmed,683.85,6,470,143.61,1256.43,mercadopago,express,6,
42,ORD-20240701-00042,101,2024-07-01,cancelled,2397.78,18,330,503.53,2799.71,mercadopago,express,,
43,ORD-20250213-00043,22,2025-02-13,refunded,1502.32,20,100,315.49,1617.35,credit_card,express,,
44,ORD-20230123-00044,85,2023-01-23,confirmed,2860.26,8,130,600.65,3362.09,cash_on_delivery,express,5,Nota del cliente: Dejar en portería
45,ORD-20240620-00045,74,2024-06-20,cancelled,2822.16,14,0,592.65,3019.71,mercadopago,pickup,,
46,ORD-20241220-00046,73,2024-12-20,processing,2567.07,1,350,539.08,3430.48,bank_transfer,same_day,,
47,ORD-20251126-00047,12,2025-11-26,delivered,1610.31,3,410,338.17,2310.17,credit_card,same_day,,
48,ORD-20250930-00048,104,2025-09-30,cancelled,1683.01,2,50,353.43,2052.78,mercadopago,standard,,Nota del cliente: Llamar antes
49,ORD-20231013-00049,155,2023-10-13,pending,249.5,6,350,52.4,636.93,mercadopago,pickup,,Nota del cliente: Entregar por la tarde
50,ORD-20240415-00050,55,2024-04-15,cancelled,1518.68,19,0,318.92,1549.05,bank_transfer,standard,,
51,ORD-20230318-00051,112,2023-03-18,delivered,2234.3,6,170,469.2,2739.44,debit_card,standard,1,Nota del cliente: Llamar antes
52,ORD-20230514-00052,44,2023-05-14,shipped,1499.75,15,100,314.95,1689.74,debit_card,express,,
53,ORD-20230618-00053,6,2023-06-18,confirmed,676.43,15,30,142.05,747.02,bank_transfer,standard,7,
54,ORD-20230508-00054,152,2023-05-08,confirmed,2355.2,10,260,494.59,2874.27,debit_card,pickup,,
55,ORD-20251001-00055,9,2025-10-01,delivered,692.5,16,270,145.43,997.13,cash_on_delivery,same_day,,
56,ORD-20250221-00056,103,2025-02-21,shipped,3404.52,19,250,714.95,3722.61,mercadopago,standard,10,
57,ORD-20250928-00057,118,2025-09-28,confirmed,1754.31,4,450,368.41,2502.55,mercadopago,express,,
58,ORD-20240118-00058,126,2024-01-18,confirmed,511.5,10,370,107.42,937.77,bank_transfer,standard,,
59,ORD-20230221-00059,148,2023-02-21,processing,5636.62,18,170,1183.69,5975.72,bank_transfer,pickup,8,Nota del cliente: Llamar antes
60,ORD-20230319-00060,100,2023-03-19,confirmed,1884.24,0,70,395.69,2349.93,cash_on_delivery,standard,,
61,ORD-20250228-00061,130,2025-02-28,confirmed,3360.25,14,480,705.65,4075.47,credit_card,standard,,Nota del cliente: Dejar en portería
62,ORD-20250510-00062,25,2025-05-10,shipped,3663.17,6,210,769.27,4422.65,credit_card,express,1,
63,ORD-20230601-00063,149,2023-06-01,processing,2606.23,6,310,547.31,3307.17,bank_transfer,express,,
64,ORD-20250616-00064,83,2025-06-16,shipped,1779.22,7,40,373.64,2068.31,debit_card,express,,
65,ORD-20241015-00065,145,2024-10-15,cancelled,1563.62,16,500,328.36,2141.8,credit_card,pickup,,
66,ORD-20230125-00066,58,2023-01-25,confirmed,1613.99,2,200,338.94,2120.65,mercadopago,express,,Nota del cliente: Entregar por la tarde
67,ORD-20230430-00067,47,2023-04-30,processing,2825.82,5,420,593.42,3697.95,credit_card,pickup,,
68,ORD-20240110-00068,134,2024-01-10,delivered,2789.47,10,340,585.79,3436.31,mercadopago,pickup,,
69,ORD-20250704-00069,111,2025-07-04,cancelled,3913.39,20,450,821.81,4402.52,credit_card,standard,,
70,ORD-20250220-00070,118,2025-02-20,processing,1175.72,15,280,246.9,1526.26,debit_card,standard,4,
71,ORD-20250124-00071,2,2025-01-24,refunded,2382.01,18,80,500.22,2533.47,cash_on_delivery,pickup,,
72,ORD-20241004-00072,12,2024-10-04,pending,2847.55,0,280,597.99,3725.54,bank_transfer,same_day,,
73,ORD-20240523-00073,90,2024-05-23,pending,2503.1,0,250,525.65,3278.75,cash_on_delivery,same_day,,
74,ORD-20251125-00074,18,2025-11-25,shipped,1131.3,16,390,237.57,1577.86,bank_transfer,standard,3,
75,ORD-20251009-00075,72,2025-10-09,shipped,4566.76,0,450,959.02,5975.78,credit_card,same_day,,
76,ORD-20250425-00076,82,2025-04-25,cancelled,938.64,7,160,197.11,1230.05,cash_on_delivery,pickup,1,
77,ORD-20241024-00077,116,2024-10-24,refunded,5179.02,12,120,1087.59,5765.13,debit_card,same_day,,
78,ORD-20230731-00078,56,2023-07-31,refunded,3489.64,13,150,732.82,3918.81,cash_on_delivery,standard,,
79,ORD-20250313-00079,24,2025-03-13,pending,3226.46,17,460,677.56,3815.52,credit_card,same_day,,
80,ORD-20241123-00080,57,2024-11-23,pending,403.74,5,440,84.79,908.34,credit_card,pickup,,
81,ORD-20231226-00081,102,2023-12-26,delivered,3648.59,15,130,766.2,3997.5,debit_card,express,,
82,ORD-20230403-00082,46,2023-04-03,refunded,2035.58,4,350,427.47,2731.63,bank_transfer,express,,
83,ORD-20230607-00083,96,2023-06-07,shipped,2140.63,13,500,449.53,2811.88,bank_transfer,pickup,9,
84,ORD-20251030-00084,119,2025-10-30,confirmed,1757.56,2,300,369.09,2391.5,credit_card,express,,
85,ORD-20240713-00085,77,2024-07-13,shipped,3126.61,9,130,656.59,3631.81,cash_on_delivery,pickup,,Nota del cliente: Llamar antes
86,ORD-20231103-00086,51,2023-11-03,pending,846.4,7,250,177.74,1214.89,debit_card,express,,
87,ORD-20250118-00087,143,2025-01-18,cancelled,1029.63,0,320,216.22,1565.85,mercadopago,express,,
88,ORD-20231228-00088,39,2023-12-28,delivered,2810.01,13,290,590.1,3324.81,credit_card,standard,,
89,ORD-20250621-00089,125,2025-06-21,refunded,2563.55,8,340,538.35,3236.82,debit_card,pickup,,
90,ORD-20240626-00090,61,2024-06-26,shipped,862.39,15,340,181.1,1254.13,debit_card,standard,,Nota del cliente: Envolver para regalo
91,ORD-20240501-00091,20,2024-05-01,cancelled,3433.16,10,80,720.96,3890.8,mercadopago,pickup,,
92,ORD-20240718-00092,131,2024-07-18,delivered,254.49,2,70,53.44,372.84,credit_card,pickup,4,
93,ORD-20250920-00093,137,2025-09-20,pending,1582.5,12,300,332.33,2024.93,bank_transfer,express,6,
94,ORD-20240310-00094,74,2024-03-10,processing,2208.45,19,100,463.77,2352.61,mercadopago,express,8,
95,ORD-20250731-00095,154,2025-07-31,confirmed,3726.81,16,150,782.63,4063.15,credit_card,pickup,,
96,ORD-20250616-00096,18,2025-06-16,processing,2850.62,11,220,598.63,3355.68,mercadopago,standard,,
97,ORD-20240720-00097,58,2024-07-20,refunded,2169.2,4,10,455.53,2547.96,mercadopago,pickup,,
98,ORD-20240630-00098,145,2024-06-30,pending,2291.42,19,480,481.2,2817.25,cash_on_delivery,pickup,5,
99,ORD-20250407-00099,143,2025-04-07,processing,297.7,11,290,62.52,617.47,cash_on_delivery,same_day,,
100,ORD-20240213-00100,25,2024-02-13,confirmed,1129.21,6,270,237.13,1568.59,mercadopago,standard,,
101,ORD-20251007-00101,39,2025-10-07,pending,940.6,17,20,197.53,998.23,debit_card,standard,2,
102,ORD-20251021-00102,117,2025-10-21,shipped,3831.31,12,100,804.58,4276.13,mercadopago,standard,,
103,ORD-20230122-00103,96,2023-01-22,shipped,2221.19,6,20,466.45,2574.37,cash_on_delivery,standard,,Nota del cliente: Envolver para regalo
104,ORD-20250816-00104,58,2025-08-16,refunded,4628.06,12,200,971.89,5244.58,bank_transfer,express,,
105,ORD-20240210-00105,94,2024-02-10,delivered,1255.2,1,130,263.59,1636.24,bank_transfer,express,,Nota del cliente: Entregar por la tarde
106,ORD-20240808-00106,143,2024-08-08,cancelled,3723.62,14,90,781.96,4074.27,mercadopago,pickup,1,
107,ORD-20230802-00107,152,2023-08-02,confirmed,3757.8,12,170,789.14,4266,mercadopago,same_day,8,
108,ORD-20251022-00108,42,2025-10-22,delivered,1737.46,4,450,364.87,2482.83,bank_transfer,pickup,9,
109,ORD-20250918-00109,45,2025-09-18,processing,1706.94,8,70,358.46,1998.84,bank_transfer,express,,
110,ORD-20240729-00110,82,2024-07-29,confirmed,2055.93,15,450,431.75,2629.29,bank_transfer,same_day,,
111,ORD-20241020-00111,35,2024-10-20,delivered,3649.4,20,250,766.37,3935.89,credit_card,same_day,,
112,ORD-20240919-00112,139,2024-09-19,refunded,1183.56,6,390,248.55,1751.1,debit_card,pickup,9,
113,ORD-20230403-00113,99,2023-04-03,confirmed,3443.17,10,180,723.07,4001.92,debit_card,pickup,,
114,ORD-20240429-00114,7,2024-04-29,shipped,449.6,7,480,94.42,992.55,mercadopago,standard,,
115,ORD-20240329-00115,132,2024-03-29,delivered,1887.74,13,450,396.43,2488.76,mercadopago,standard,,
116,ORD-20230423-00116,73,2023-04-23,pending,3950.09,10,20,829.52,4404.6,bank_transfer,standard,1,
117,ORD-20241010-00117,41,2024-10-10,delivered,3273.5,15,340,687.44,3809.92,bank_transfer,same_day,,Nota del cliente: Dejar en portería
118,ORD-20250314-00118,20,2025-03-14,shipped,2573.55,15,330,540.45,3057.97,credit_card,same_day,,
119,ORD-20240313-00119,21,2024-03-13,refunded,2729.12,12,410,573.12,3384.75,bank_transfer,standard,,
120,ORD-20251009-00120,34,2025-10-09,cancelled,2439.46,20,290,512.29,2753.86,debit_card,express,,
121,ORD-20241105-00121,77,2024-11-05,refunded,561.04,5,410,117.82,1060.81,bank_transfer,same_day,,Nota del cliente: Envolver para regalo
122,ORD-20231122-00122,68,2023-11-22,pending,1511.76,1,30,317.47,1844.11,debit_card,express,,
123,ORD-20230910-00123,146,2023-09-10,delivered,5483.27,2,60,1151.49,6585.09,cash_on_delivery,same_day,,
124,ORD-20231031-00124,42,2023-10-31,processing,1468.82,8,150,308.45,1809.76,mercadopago,standard,,
125,ORD-20250103-00125,76,2025-01-03,processing,5383.69,4,350,1130.57,6648.91,mercadopago,pickup,8,
126,ORD-20230602-00126,151,2023-06-02,delivered,4029.61,7,190,846.22,4783.76,bank_transfer,same_day,1,
127,ORD-20250124-00127,126,2025-01-24,confirmed,2324.95,3,460,488.24,3203.44,cash_on_delivery,same_day,2,
128,ORD-20250219-00128,148,2025-02-19,refunded,716.62,1,140,150.49,999.94,credit_card,standard,,Nota del cliente: Dejar en portería
129,ORD-20240302-00129,133,2024-03-02,delivered,263.28,17,430,55.29,703.81,debit_card,pickup,,
130,ORD-20241106-00130,68,2024-11-06,cancelled,3809.13,2,290,799.92,4822.87,bank_transfer,same_day,10,Nota del cliente: Envolver para regalo
131,ORD-20250214-00131,105,2025-02-14,refunded,3485.78,2,220,732.01,4368.07,credit_card,same_day,,
132,ORD-20250319-00132,167,2025-03-19,processing,4037.53,7,150,847.88,4752.78,credit_card,express,,
133,ORD-20240209-00133,67,2024-02-09,confirmed,306.32,14,330,64.33,657.77,credit_card,pickup,7,
134,ORD-20230429-00134,53,2023-04-29,processing,4687.52,16,300,984.38,5221.9,bank_transfer,express,10,
135,ORD-20230219-00135,118,2023-02-19,confirmed,1090.54,8,280,229.01,1512.31,debit_card,express,,
136,ORD-20230102-00136,97,2023-01-02,shipped,2503.72,7,30,525.78,2884.24,bank_transfer,standard,,
137,ORD-20230309-00137,5,2023-03-09,shipped,2148.33,1,480,451.15,3058,mercadopago,same_day,,
138,ORD-20230125-00138,29,2023-01-25,pending,4052.81,4,260,851.09,5001.79,debit_card,standard,,
139,ORD-20250416-00139,27,2025-04-16,delivered,2993.86,6,150,628.71,3592.94,debit_card,pickup,5,
140,ORD-20251128-00140,84,2025-11-28,confirmed,2707.06,4,130,568.48,3297.26,cash_on_delivery,express,,Nota del cliente: Envolver para regalo
141,ORD-20241114-00141,114,2024-11-14,processing,354.68,8,180,74.48,580.79,cash_on_delivery,standard,,Nota del cliente: Dejar en portería
142,ORD-20230918-00142,60,2023-09-18,pending,3884.3,5,40,815.7,4545.79,bank_transfer,express,,
143,ORD-20240715-00143,62,2024-07-15,cancelled,1646.4,17,500,345.74,2212.25,debit_card,express,,
144,ORD-20230621-00144,140,2023-06-21,delivered,5716.02,3,450,1200.36,7194.9,debit_card,standard,,
145,ORD-20230829-00145,135,2023-08-29,refunded,2304.9,11,370,484.03,2905.39,credit_card,pickup,,
146,ORD-20230921-00146,103,2023-09-21,shipped,2252.9,14,240,473.11,2650.6,cash_on_delivery,standard,9,
147,ORD-20250309-00147,127,2025-03-09,refunded,3558.23,13,380,747.23,4222.89,mercadopago,pickup,,
148,ORD-20230423-00148,106,2023-04-23,confirmed,658.78,18,420,138.34,1098.54,mercadopago,express,8,
149,ORD-20251117-00149,139,2025-11-17,pending,2942.39,12,340,617.9,3547.2,mercadopago,same_day,4,
150,ORD-20230816-00150,88,2023-08-16,shipped,1360.75,4,270,285.76,1862.08,mercadopago,pickup,,
151,ORD-20250716-00151,23,2025-07-16,delivered,934.6,3,80,196.27,1182.83,credit_card,same_day,,
152,ORD-20240826-00152,143,2024-08-26,delivered,2134.15,0,350,448.17,2932.32,debit_card,express,,Nota del cliente: Llamar antes
153,ORD-20241117-00153,150,2024-11-17,confirmed,4915.18,13,420,1032.19,5728.4,credit_card,express,,
154,ORD-20250724-00154,64,2025-07-24,refunded,2710.68,7,70,569.24,3160.17,cash_on_delivery,standard,,
155,ORD-20240710-00155,3,2024-07-10,shipped,4248.2,11,180,892.12,4853.02,mercadopago,express,7,Nota del cliente: Entregar por la tarde
156,ORD-20230708-00156,37,2023-07-08,confirmed,1090.55,6,20,229.02,1274.14,bank_transfer,pickup,,
157,ORD-20250109-00157,10,2025-01-09,shipped,2159.85,8,100,453.57,2540.63,debit_card,express,,
158,ORD-20240317-00158,154,2024-03-17,processing,1560.56,4,490,327.72,2315.86,bank_transfer,standard,,
159,ORD-20250717-00159,25,2025-07-17,pending,3604.48,5,30,756.94,4211.2,debit_card,express,,
160,ORD-20250304-00160,135,2025-03-04,refunded,5591.83,12,310,1174.28,6405.09,mercadopago,standard,,
161,ORD-20230622-00161,34,2023-06-22,confirmed,312.88,17,440,65.7,765.39,cash_on_delivery,standard,3,
162,ORD-20230328-00162,17,2023-03-28,cancelled,170,14,30,35.7,211.9,bank_transfer,standard,1,
163,ORD-20241028-00163,36,2024-10-28,delivered,4224.06,5,260,887.05,5159.91,debit_card,pickup,,
164,ORD-20240323-00164,54,2024-03-23,confirmed,3637.41,13,490,763.86,4418.41,bank_transfer,pickup,8,
165,ORD-20250222-00165,123,2025-02-22,confirmed,78.04,10,0,16.39,86.63,cash_on_delivery,express,,
166,ORD-20250316-00166,36,2025-03-16,cancelled,3221.93,19,230,676.61,3516.37,credit_card,express,,
167,ORD-20250817-00167,32,2025-08-17,pending,2395.65,1,490,503.09,3364.78,credit_card,standard,,
168,ORD-20230427-00168,157,2023-04-27,shipped,2322.75,20,330,487.78,2675.98,mercadopago,standard,,
169,ORD-20240813-00169,95,2024-08-13,processing,2147.37,11,230,450.95,2592.11,bank_transfer,same_day,3,Nota del cliente: Entregar por la tarde
170,ORD-20250729-00170,59,2025-07-29,shipped,2721,17,360,571.41,3189.84,credit_card,express,,
171,ORD-20250518-00171,74,2025-05-18,shipped,1023.63,20,20,214.96,1053.86,debit_card,pickup,,
172,ORD-20240204-00172,59,2024-02-04,processing,2685.66,2,230,563.99,3425.94,bank_transfer,pickup,,
173,ORD-20240630-00173,121,2024-06-30,confirmed,2618.75,12,300,549.94,3154.44,mercadopago,pickup,,
174,ORD-20250128-00174,97,2025-01-28,confirmed,1021.8,15,160,214.58,1243.11,cash_on_delivery,express,,
175,ORD-20240809-00175,45,2024-08-09,cancelled,5783.75,5,460,1214.59,7169.15,cash_on_delivery,express,,
176,ORD-20241021-00176,122,2024-10-21,pending,798.36,9,490,167.66,1384.17,debit_card,same_day,10,Nota del cliente: Envolver para regalo
177,ORD-20250611-00177,92,2025-06-11,pending,3401.26,19,290,714.26,3759.28,debit_card,standard,10,
178,ORD-20241128-00178,108,2024-11-28,confirmed,2576.18,16,390,541,3094.99,cash_on_delivery,same_day,3,
179,ORD-20231216-00179,153,2023-12-16,pending,1635.36,2,380,343.43,2326.08,mercadopago,pickup,,
180,ORD-20230315-00180,70,2023-03-15,pending,5375.03,2,280,1128.76,6676.29,debit_card,standard,,
181,ORD-20230621-00181,7,2023-06-21,confirmed,4105.57,5,340,862.17,5102.46,cash_on_delivery,express,8,
182,ORD-20250826-00182,8,2025-08-26,processing,1585.42,20,290,332.94,1891.28,credit_card,standard,,
183,ORD-20230625-00183,124,2023-06-25,confirmed,1624.94,20,320,341.24,1961.19,bank_transfer,pickup,,
184,ORD-20250906-00184,121,2025-09-06,cancelled,4181.6,19,480,878.14,4745.24,debit_card,express,,Nota del cliente: Envolver para regalo
185,ORD-20231003-00185,62,2023-10-03,confirmed,2109.03,6,230,442.9,2655.39,bank_transfer,express,,
186,ORD-20230603-00186,28,2023-06-03,pending,1167.25,7,500,245.12,1830.66,mercadopago,standard,,
187,ORD-20230208-00187,150,2023-02-08,cancelled,5015.68,19,480,1053.29,5595.99,mercadopago,standard,,Nota del cliente: Dejar en portería
188,ORD-20231219-00188,61,2023-12-19,shipped,2338.78,15,500,491.14,2979.1,bank_transfer,express,,Nota del cliente: Llamar antes
189,ORD-20230519-00189,124,2023-05-19,cancelled,5694.6,13,410,1195.87,6560.17,debit_card,express,,
190,ORD-20250114-00190,23,2025-01-14,pending,4300.64,6,40,903.13,4985.73,cash_on_delivery,express,6,
191,ORD-20240816-00191,8,2024-08-16,processing,2613.33,12,200,548.8,3048.53,credit_card,pickup,,Nota del cliente: Envolver para regalo
192,ORD-20250704-00192,68,2025-07-04,cancelled,1671.05,4,390,350.92,2345.13,cash_on_delivery,standard,,
193,ORD-20240709-00193,41,2024-07-09,refunded,3278.33,15,40,688.45,3515.03,bank_transfer,same_day,,
194,ORD-20240103-00194,128,2024-01-03,cancelled,1525.95,7,480,320.45,2219.58,debit_card,standard,4,Nota del cliente: Envolver para regalo
195,ORD-20250109-00195,142,2025-01-09,cancelled,1256.21,6,330,263.8,1774.64,bank_transfer,same_day,,
196,ORD-20250619-00196,11,2025-06-19,confirmed,4363.28,19,360,916.29,4810.55,cash_on_delivery,express,,
197,ORD-20250617-00197,11,2025-06-17,cancelled,312.88,5,440,65.7,802.94,mercadopago,same_day,8,Nota del cliente: Dejar en portería
198,ORD-20251008-00198,49,2025-10-08,cancelled,1873.6,0,230,393.46,2497.06,credit_card,pickup,,
199,ORD-20231012-00199,119,2023-10-12,processing,177.34,6,500,37.24,703.94,mercadopago,same_day,,
200,ORD-20230628-00200,81,2023-06-28,processing,124.74,18,350,26.2,478.49,cash_on_delivery,same_day,,
201,ORD-20240317-00201,92,2024-03-17,shipped,4294.4,18,250,901.82,4673.23,bank_transfer,standard,,
202,ORD-20240905-00202,21,2024-09-05,confirmed,1693.55,13,460,355.65,2289.04,bank_transfer,same_day,5,
203,ORD-20240308-00203,96,2024-03-08,confirmed,184.34,8,250,38.71,458.3,mercadopago,standard,,
204,ORD-20250515-00204,134,2025-05-15,shipped,467.92,17,330,98.26,816.63,credit_card,express,2,
205,ORD-20250501-00205,110,2025-05-01,confirmed,2425.7,9,360,509.4,3076.79,cash_on_delivery,same_day,7,
206,ORD-20251008-00206,148,2025-10-08,pending,2741.82,5,440,575.78,3620.51,credit_card,standard,,
207,ORD-20250105-00207,59,2025-01-05,confirmed,2129.35,5,320,447.16,2790.04,bank_transfer,express,,
208,ORD-20241111-00208,110,2024-11-11,shipped,997.2,5,260,209.41,1416.75,cash_on_delivery,pickup,7,
209,ORD-20230910-00209,12,2023-09-10,shipped,1251.82,0,390,262.88,1904.7,cash_on_delivery,standard,,
210,ORD-20241112-00210,5,2024-11-12,refunded,1071.07,7,400,224.92,1621.02,credit_card,express,,
211,ORD-20230206-00211,106,2023-02-06,processing,904.3,11,310,189.9,1304.73,debit_card,standard,9,
212,ORD-20250106-00212,122,2025-01-06,confirmed,3425,17,160,719.25,3722,credit_card,standard,,
213,ORD-20250319-00213,123,2025-03-19,processing,165.66,2,240,34.79,437.14,cash_on_delivery,same_day,3,
214,ORD-20240131-00214,21,2024-01-31,confirmed,3659.31,0,500,768.46,4927.77,credit_card,express,,
215,ORD-20231031-00215,74,2023-10-31,shipped,4165.79,5,170,874.82,5002.32,cash_on_delivery,pickup,,
216,ORD-20240608-00216,111,2024-06-08,processing,1415.84,7,140,297.33,1754.06,cash_on_delivery,express,,
217,ORD-20251004-00217,80,2025-10-04,processing,1055.03,17,420,221.56,1517.23,debit_card,pickup,,
218,ORD-20240313-00218,166,2024-03-13,refunded,4473.05,12,50,939.34,4925.62,credit_card,standard,,
219,ORD-20250512-00219,144,2025-05-12,refunded,329.28,20,380,69.15,712.57,mercadopago,same_day,,
220,ORD-20241027-00220,69,2024-10-27,pending,1120.62,7,0,235.33,1277.51,debit_card,pickup,,
221,ORD-20240620-00221,8,2024-06-20,confirmed,1615.7,15,470,339.3,2182.65,mercadopago,pickup,,
222,ORD-20240122-00222,127,2024-01-22,shipped,1210.56,11,500,254.22,1831.62,cash_on_delivery,express,,
223,ORD-20240910-00223,125,2024-09-10,processing,4641.04,3,320,974.62,5796.43,cash_on_delivery,express,,Nota del cliente: Llamar antes
224,ORD-20241010-00224,66,2024-10-10,shipped,1750.02,9,240,367.5,2200.02,bank_transfer,pickup,,
225,ORD-20250611-00225,34,2025-06-11,refunded,2869.32,9,360,602.56,3573.64,bank_transfer,express,,Nota del cliente: Llamar antes
226,ORD-20230221-00226,165,2023-02-21,refunded,1154.2,11,150,242.38,1419.62,mercadopago,express,,
227,ORD-20231119-00227,61,2023-11-19,shipped,1944.02,10,120,408.24,2277.86,credit_card,pickup,2,
228,ORD-20240217-00228,6,2024-02-17,pending,492.28,11,40,103.38,581.51,debit_card,pickup,,
229,ORD-20231110-00229,26,2023-11-10,cancelled,3188.95,20,60,669.68,3280.84,debit_card,express,,
230,ORD-20231016-00230,36,2023-10-16,shipped,1389.48,16,130,291.79,1588.95,mercadopago,express,,Nota del cliente: Dejar en portería
231,ORD-20230808-00231,61,2023-08-08,shipped,658.56,8,200,138.3,944.18,cash_on_delivery,standard,,
232,ORD-20230601-00232,46,2023-06-01,processing,1592.52,4,420,334.43,2283.25,cash_on_delivery,express,,
233,ORD-20251021-00233,65,2025-10-21,refunded,375.12,11,360,78.78,772.64,mercadopago,express,,Nota del cliente: Envolver para regalo
234,ORD-20240915-00234,79,2024-09-15,pending,2746.47,4,390,576.76,3603.37,credit_card,standard,,
235,ORD-20230913-00235,95,2023-09-13,shipped,2149.87,9,490,451.47,2897.85,cash_on_delivery,same_day,7,
236,ORD-20231222-00236,130,2023-12-22,confirmed,299.15,2,190,62.82,545.99,debit_card,same_day,,
237,ORD-20251102-00237,53,2025-11-02,processing,2207.48,3,410,463.57,3014.83,credit_card,express,,
238,ORD-20251101-00238,134,2025-11-01,shipped,4079.93,15,470,856.79,4794.73,credit_card,express,,
239,ORD-20241208-00239,116,2024-12-08,shipped,2787.47,20,280,585.37,3095.35,debit_card,pickup,,Nota del cliente: Envolver para regalo
240,ORD-20231127-00240,154,2023-11-27,shipped,1832.16,4,30,384.75,2173.62,cash_on_delivery,express,,
241,ORD-20250701-00241,55,2025-07-01,pending,2452.51,9,340,515.03,3086.81,bank_transfer,standard,,
242,ORD-20240905-00242,153,2024-09-05,confirmed,4583.2,4,390,962.47,5752.34,cash_on_delivery,pickup,,
243,ORD-20230304-00243,38,2023-03-04,confirmed,1971.53,6,270,414.02,2537.26,debit_card,pickup,7,
244,ORD-20250521-00244,68,2025-05-21,shipped,4067.1,11,380,854.09,4853.81,mercadopago,same_day,2,
245,ORD-20231215-00245,149,2023-12-15,confirmed,658.78,20,380,138.34,1045.36,bank_transfer,express,8,Nota del cliente: Dejar en portería
246,ORD-20240910-00246,133,2024-09-10,shipped,4996.64,19,490,1049.29,5586.57,debit_card,same_day,6,
247,ORD-20240815-00247,115,2024-08-15,processing,3519.82,11,410,739.16,4281.8,bank_transfer,same_day,3,
248,ORD-20251107-00248,132,2025-11-07,delivered,2427.48,20,190,509.77,2641.75,cash_on_delivery,standard,,
249,ORD-20231114-00249,98,2023-11-14,delivered,1023.54,8,440,214.94,1596.6,bank_transfer,pickup,,
250,ORD-20250111-00250,27,2025-01-11,confirmed,4693.62,7,200,985.66,5550.73,mercadopago,express,,
251,ORD-20230217-00251,44,2023-02-17,delivered,479.13,0,330,100.62,909.75,cash_on_delivery,standard,8,
252,ORD-20240826-00252,8,2024-08-26,pending,1621.53,20,430,340.52,2067.74,mercadopago,pickup,,
253,ORD-20230926-00253,131,2023-09-26,shipped,4412.73,3,240,926.67,5447.02,credit_card,standard,,
254,ORD-20231017-00254,23,2023-10-17,shipped,2429.7,9,120,510.24,2841.27,mercadopago,standard,6,
255,ORD-20240912-00255,128,2024-09-12,delivered,1889.7,4,30,396.84,2240.95,mercadopago,pickup,,
256,ORD-20250708-00256,61,2025-07-08,pending,2297.88,13,240,482.55,2721.71,mercadopago,same_day,,
257,ORD-20250131-00257,96,2025-01-31,shipped,1714.16,9,10,359.97,1929.86,debit_card,standard,,
258,ORD-20251104-00258,151,2025-11-04,delivered,1653.32,10,480,347.2,2315.19,cash_on_delivery,pickup,,
259,ORD-20250125-00259,149,2025-01-25,pending,2307.1,20,60,484.49,2390.17,credit_card,same_day,,
260,ORD-20231029-00260,99,2023-10-29,processing,625.12,4,220,131.28,951.4,mercadopago,pickup,,
261,ORD-20240220-00261,26,2024-02-20,shipped,5306.7,6,450,1114.41,6552.71,debit_card,same_day,8,
262,ORD-20240109-00262,137,2024-01-09,shipped,2016.12,20,0,423.39,2036.29,debit_card,same_day,,Nota del cliente: Llamar antes
263,ORD-20241108-00263,121,2024-11-08,pending,4777.46,2,300,1003.27,5985.18,debit_card,standard,,
264,ORD-20241225-00264,51,2024-12-25,shipped,1102.02,8,250,231.42,1495.28,cash_on_delivery,express,,
265,ORD-20250613-00265,160,2025-06-13,refunded,3965.55,14,490,832.77,4733.14,mercadopago,standard,,
266,ORD-20230201-00266,46,2023-02-01,shipped,2756.68,16,290,578.9,3184.51,credit_card,same_day,,Nota del cliente: Entregar por la tarde
267,ORD-20230113-00267,8,2023-01-13,pending,956.98,17,30,200.97,1025.26,bank_transfer,standard,,Nota del cliente: Entregar por la tarde
268,ORD-20250420-00268,13,2025-04-20,shipped,1341.46,0,30,281.71,1653.17,cash_on_delivery,standard,,
269,ORD-20230315-00269,48,2023-03-15,refunded,921.96,20,500,193.61,1431.18,mercadopago,standard,10,
270,ORD-20240330-00270,134,2024-03-30,delivered,5240.31,3,230,1100.47,6413.57,cash_on_delivery,standard,,
271,ORD-20240820-00271,75,2024-08-20,cancelled,2556.14,10,480,536.79,3317.32,bank_transfer,express,,
272,ORD-20250325-00272,18,2025-03-25,delivered,2810.04,13,250,590.11,3284.84,credit_card,express,,
273,ORD-20231102-00273,75,2023-11-02,cancelled,4333.48,1,410,910.03,5610.18,debit_card,same_day,,
274,ORD-20230614-00274,120,2023-06-14,refunded,5119.31,10,480,1075.06,6162.44,bank_transfer,standard,3,
275,ORD-20240101-00275,24,2024-01-01,confirmed,1792.38,18,470,376.4,2316.15,bank_transfer,pickup,,
276,ORD-20240904-00276,148,2024-09-04,cancelled,3595.29,11,50,755.01,4004.82,debit_card,same_day,4,
277,ORD-20240308-00277,59,2024-03-08,confirmed,4405.32,11,30,925.12,4875.85,bank_transfer,same_day,,
278,ORD-20230811-00278,105,2023-08-11,pending,3031.19,14,290,636.55,3533.37,debit_card,pickup,3,
279,ORD-20250518-00279,38,2025-05-18,confirmed,4481.66,16,60,941.15,4765.74,credit_card,pickup,,
280,ORD-20230319-00280,133,2023-03-19,processing,1877.52,2,250,394.28,2484.25,credit_card,express,5,
281,ORD-20250114-00281,13,2025-01-14,cancelled,45.9,8,460,9.64,511.87,credit_card,pickup,,Nota del cliente: Entregar por la tarde
282,ORD-20251108-00282,154,2025-11-08,processing,5018.43,2,500,1053.87,6471.93,credit_card,same_day,,
283,ORD-20250301-00283,164,2025-03-01,cancelled,989.85,20,80,207.87,1079.75,cash_on_delivery,express,,
284,ORD-20230823-00284,76,2023-08-23,shipped,3281.57,0,290,689.13,4260.7,cash_on_delivery,same_day,,
285,ORD-20230725-00285,126,2023-07-25,processing,4459.02,7,130,936.39,5213.28,debit_card,standard,,Nota del cliente: Entregar por la tarde
286,ORD-20230426-00286,86,2023-04-26,processing,898.28,8,170,188.64,1185.06,debit_card,express,,
287,ORD-20250630-00287,74,2025-06-30,refunded,1725.83,19,170,362.42,1930.34,credit_card,express,,
288,ORD-20241009-00288,109,2024-10-09,confirmed,470.3,6,420,98.76,960.84,debit_card,same_day,6,
289,ORD-20240108-00289,107,2024-01-08,shipped,5114.69,15,260,1074.08,5681.57,bank_transfer,pickup,,
290,ORD-20250915-00290,157,2025-09-15,processing,3643.7,10,30,765.18,4074.51,debit_card,pickup,,Nota del cliente: Envolver para regalo
291,ORD-20230616-00291,12,2023-06-16,refunded,3838.71,4,280,806.13,4771.29,mercadopago,standard,,Nota del cliente: Envolver para regalo
292,ORD-20250401-00292,104,2025-04-01,processing,1976.58,6,330,415.08,2603.07,mercadopago,pickup,,
293,ORD-20230228-00293,35,2023-02-28,cancelled,3818.18,0,300,801.82,4920,bank_transfer,standard,8,
294,ORD-20250731-00294,138,2025-07-31,refunded,179.78,16,90,37.75,278.77,credit_card,express,,
295,ORD-20250525-00295,118,2025-05-25,confirmed,895.72,14,150,188.1,1108.42,bank_transfer,express,,
296,ORD-20250429-00296,69,2025-04-29,shipped,2726.78,9,80,572.62,3133.99,cash_on_delivery,pickup,,
297,ORD-20231011-00297,125,2023-10-11,cancelled,3745.32,19,180,786.52,4000.23,credit_card,pickup,,
298,ORD-20241009-00298,126,2024-10-09,cancelled,1878.28,5,170,394.44,2348.81,mercadopago,express,,Nota del cliente: Dejar en portería
299,ORD-20230508-00299,124,2023-05-08,refunded,1273.35,2,240,267.4,1755.28,bank_transfer,pickup,,
300,ORD-20241025-00300,48,2024-10-25,confirmed,4741.18,16,370,995.65,5348.24,bank_transfer,standard,,
301,ORD-20230506-00301,8,2023-05-06,cancelled,2497.52,10,370,524.48,3142.25,bank_transfer,pickup,4,
302,ORD-20240911-00302,33,2024-09-11,pending,472.11,20,440,99.14,916.83,cash_on_delivery,same_day,,
303,ORD-20240531-00303,62,2024-05-31,pending,2908.93,13,130,610.88,3271.65,mercadopago,standard,,
304,ORD-20240618-00304,46,2024-06-18,shipped,390.14,6,70,81.93,518.66,cash_on_delivery,standard,,
305,ORD-20230924-00305,137,2023-09-24,confirmed,1401.82,9,440,294.38,2010.04,mercadopago,same_day,,
306,ORD-20240515-00306,45,2024-05-15,pending,3759.45,10,10,789.48,4182.99,mercadopago,standard,,Nota del cliente: Llamar antes
307,ORD-20250126-00307,76,2025-01-26,confirmed,2542.27,19,400,533.88,2993.12,cash_on_delivery,standard,,
308,ORD-20240819-00308,77,2024-08-19,refunded,1843.92,6,440,387.22,2560.5,bank_transfer,standard,,
309,ORD-20240617-00309,141,2024-06-17,processing,756.13,16,500,158.79,1293.94,mercadopago,pickup,,Nota del cliente: Entregar por la tarde
310,ORD-20251102-00310,120,2025-11-02,delivered,765,20,120,160.65,892.65,cash_on_delivery,standard,3,
311,ORD-20241228-00311,11,2024-12-28,cancelled,3056.8,2,370,641.93,4007.59,bank_transfer,pickup,7,
312,ORD-20240919-00312,42,2024-09-19,confirmed,2257.3,6,70,474.03,2665.89,credit_card,pickup,,
313,ORD-20240930-00313,69,2024-09-30,refunded,993.06,8,0,208.54,1122.16,cash_on_delivery,express,,Nota del cliente: Envolver para regalo
314,ORD-20250304-00314,16,2025-03-04,delivered,679.45,14,20,142.68,747.01,mercadopago,express,,Nota del cliente: Entregar por la tarde
315,ORD-20230111-00315,35,2023-01-11,cancelled,3932.22,3,380,825.77,5020.02,debit_card,express,3,
316,ORD-20241107-00316,52,2024-11-07,confirmed,716.3,5,140,150.42,970.91,mercadopago,pickup,10,
317,ORD-20250121-00317,136,2025-01-21,confirmed,2005.53,20,500,421.16,2525.58,mercadopago,same_day,8,
318,ORD-20230610-00318,13,2023-06-10,pending,2758.52,13,0,579.29,2979.2,mercadopago,same_day,,
319,ORD-20240313-00319,57,2024-03-13,confirmed,4319.36,20,380,907.07,4742.56,mercadopago,pickup,,
320,ORD-20230722-00320,152,2023-07-22,processing,495.15,4,310,103.98,889.32,cash_on_delivery,standard,,
321,ORD-20230801-00321,45,2023-08-01,delivered,2789.36,16,500,585.77,3428.83,mercadopago,pickup,3,
322,ORD-20241107-00322,9,2024-11-07,shipped,405.98,16,320,85.26,746.28,cash_on_delivery,pickup,,
323,ORD-20231203-00323,94,2023-12-03,pending,1967.1,8,260,413.09,2482.82,mercadopago,express,,Nota del cliente: Llamar antes
324,ORD-20230720-00324,118,2023-07-20,refunded,408.8,13,20,85.85,461.51,mercadopago,pickup,1,
325,ORD-20250514-00325,142,2025-05-14,delivered,2097.92,6,60,440.56,2472.6,cash_on_delivery,standard,8,
326,ORD-20231113-00326,37,2023-11-13,refunded,3959.73,18,20,831.54,4098.52,mercadopago,express,,
327,ORD-20230206-00327,128,2023-02-06,cancelled,1707.92,18,40,358.66,1799.15,debit_card,same_day,,
328,ORD-20240418-00328,130,2024-04-18,confirmed,2534.14,13,420,532.17,3156.87,bank_transfer,express,10,Nota del cliente: Dejar en portería
329,ORD-20240217-00329,79,2024-02-17,shipped,2979.28,14,440,625.65,3627.83,bank_transfer,pickup,,Nota del cliente: Entregar por la tarde
330,ORD-20240211-00330,145,2024-02-11,confirmed,2418.3,5,170,507.84,2975.23,cash_on_delivery,same_day,,
331,ORD-20250530-00331,63,2025-05-30,refunded,5059.18,8,10,1062.43,5726.88,credit_card,same_day,7,
332,ORD-20250629-00332,108,2025-06-29,refunded,4781.8,4,490,1004.18,6084.71,cash_on_delivery,standard,7,
333,ORD-20240512-00333,87,2024-05-12,cancelled,2246.34,7,480,471.73,3040.83,bank_transfer,standard,,
334,ORD-20250425-00334,76,2025-04-25,processing,939.71,7,280,197.34,1351.27,debit_card,express,,
335,ORD-20241219-00335,121,2024-12-19,confirmed,768.34,10,220,161.35,1072.86,mercadopago,standard,,Nota del cliente: Llamar antes
336,ORD-20240518-00336,15,2024-05-18,refunded,5236.59,6,30,1099.68,6052.07,mercadopago,pickup,,
337,ORD-20240726-00337,81,2024-07-26,refunded,2642.88,13,480,555,3334.31,cash_on_delivery,pickup,,
338,ORD-20240828-00338,8,2024-08-28,processing,2777.94,9,120,583.37,3231.3,cash_on_delivery,same_day,,
339,ORD-20230908-00339,105,2023-09-08,delivered,470.42,4,410,98.79,960.39,credit_card,pickup,,
340,ORD-20230126-00340,25,2023-01-26,processing,2794.86,17,350,586.92,3256.65,cash_on_delivery,standard,,Nota del cliente: Entregar por la tarde
341,ORD-20241117-00341,28,2024-11-17,shipped,2745.9,3,400,576.64,3640.16,debit_card,standard,,
342,ORD-20231222-00342,113,2023-12-22,shipped,2266.55,9,150,475.98,2688.54,credit_card,same_day,8,
343,ORD-20230715-00343,123,2023-07-15,refunded,3178.78,15,490,667.54,3859.5,debit_card,express,,
344,ORD-20230323-00344,61,2023-03-23,cancelled,2087.85,3,220,438.45,2683.66,bank_transfer,same_day,6,
345,ORD-20240921-00345,130,2024-09-21,confirmed,5195.84,5,300,1091.13,6327.18,bank_transfer,pickup,,
346,ORD-20240509-00346,26,2024-05-09,processing,2363.47,17,80,496.33,2538.01,mercadopago,express,,
347,ORD-20231008-00347,166,2023-10-08,pending,2506.85,18,200,526.44,2782.06,cash_on_delivery,standard,,Nota del cliente: Entregar por la tarde
348,ORD-20251011-00348,165,2025-10-11,delivered,1000.5,20,40,210.11,1050.51,debit_card,same_day,3,
349,ORD-20251004-00349,167,2025-10-04,delivered,3615.58,13,350,759.27,4254.82,credit_card,pickup,,
350,ORD-20231022-00350,115,2023-10-22,processing,878.61,20,50,184.51,937.4,credit_card,standard,4,
351,ORD-20240320-00351,159,2024-03-20,shipped,2853.82,7,310,599.3,3563.35,mercadopago,standard,,
352,ORD-20250426-00352,63,2025-04-26,refunded,4297.29,5,70,902.43,5054.86,mercadopago,same_day,,Nota del cliente: Dejar en portería
353,ORD-20230305-00353,74,2023-03-05,pending,2051.41,12,280,430.8,2516.04,cash_on_delivery,same_day,,
354,ORD-20240405-00354,24,2024-04-05,pending,6032.24,7,360,1266.77,7236.75,mercadopago,express,4,
355,ORD-20230114-00355,157,2023-01-14,shipped,1411.38,11,0,296.39,1552.52,bank_transfer,same_day,,Nota del cliente: Dejar en portería
356,ORD-20230517-00356,5,2023-05-17,confirmed,4371.36,8,20,917.99,4959.64,debit_card,standard,,
357,ORD-20250422-00357,146,2025-04-22,confirmed,3368.9,14,300,707.47,3904.72,mercadopago,express,,
358,ORD-20241123-00358,28,2024-11-23,pending,3559.93,4,200,747.59,4365.12,bank_transfer,express,,
359,ORD-20240101-00359,55,2024-01-01,delivered,1420.37,0,430,298.28,2148.65,bank_transfer,standard,7,
360,ORD-20241031-00360,137,2024-10-31,delivered,2734.18,9,400,574.18,3462.28,mercadopago,same_day,,
361,ORD-20240905-00361,110,2024-09-05,confirmed,4406.46,0,320,925.36,5651.82,bank_transfer,same_day,,Nota del cliente: Envolver para regalo
362,ORD-20240509-00362,74,2024-05-09,cancelled,2923.61,4,470,613.96,3890.63,credit_card,same_day,,
363,ORD-20240117-00363,107,2024-01-17,processing,2268.59,18,250,476.4,2586.64,credit_card,same_day,5,
364,ORD-20241106-00364,61,2024-11-06,confirmed,1672.61,13,30,351.25,1836.42,debit_card,standard,7,
365,ORD-20240328-00365,132,2024-03-28,refunded,2738.07,10,210,574.99,3249.25,mercadopago,express,,
366,ORD-20240919-00366,65,2024-09-19,confirmed,3874.62,10,30,813.67,4330.83,debit_card,standard,1,
367,ORD-20231020-00367,141,2023-10-20,cancelled,4393.21,3,420,922.57,5603.98,debit_card,express,,
368,ORD-20241228-00368,19,2024-12-28,cancelled,4275.53,1,60,897.86,5190.63,mercadopago,same_day,8,
369,ORD-20251109-00369,42,2025-11-09,cancelled,2142.78,3,480,449.98,3008.48,cash_on_delivery,express,,
370,ORD-20231115-00370,134,2023-11-15,processing,1297.58,7,380,272.49,1859.24,bank_transfer,pickup,,
371,ORD-20230201-00371,98,2023-02-01,processing,3061,7,160,642.81,3649.54,bank_transfer,standard,,
372,ORD-20240130-00372,68,2024-01-30,pending,5056.3,7,160,1061.82,5924.18,bank_transfer,same_day,,
373,ORD-20251124-00373,87,2025-11-24,pending,47.6,3,200,10,256.17,cash_on_delivery,same_day,,Nota del cliente: Dejar en portería
374,ORD-20251106-00374,134,2025-11-06,pending,415.28,3,380,87.21,870.03,credit_card,express,,Nota del cliente: Dejar en portería
375,ORD-20250210-00375,101,2025-02-10,processing,615.42,2,200,129.24,932.35,debit_card,express,,
376,ORD-20230612-00376,97,2023-06-12,confirmed,2557.4,7,130,537.05,3045.43,cash_on_delivery,standard,,
377,ORD-20240607-00377,146,2024-06-07,pending,1714.82,12,260,360.11,2129.15,credit_card,express,,
378,ORD-20230809-00378,126,2023-08-09,shipped,804.06,19,490,168.85,1310.14,bank_transfer,express,9,Nota del cliente: Envolver para regalo
379,ORD-20240505-00379,110,2024-05-05,shipped,2264.14,11,70,475.47,2560.55,credit_card,same_day,,
380,ORD-20230701-00380,75,2023-07-01,pending,1289.71,1,150,270.84,1697.65,credit_card,same_day,,
381,ORD-20250716-00381,118,2025-07-16,delivered,60.56,8,100,12.72,168.44,credit_card,pickup,,Nota del cliente: Llamar antes
382,ORD-20241012-00382,21,2024-10-12,cancelled,884.46,4,40,185.74,1074.82,debit_card,same_day,,
383,ORD-20230625-00383,7,2023-06-25,shipped,4798.16,4,110,1007.61,5723.84,debit_card,express,,
384,ORD-20240604-00384,49,2024-06-04,pending,4494.53,1,40,943.85,5433.43,bank_transfer,express,,
385,ORD-20250318-00385,116,2025-03-18,confirmed,1302.2,2,110,273.46,1659.62,mercadopago,standard,,
386,ORD-20240928-00386,85,2024-09-28,cancelled,998,13,100,209.58,1177.84,debit_card,pickup,,
387,ORD-20231021-00387,61,2023-10-21,pending,4797.09,9,390,1007.39,5762.74,bank_transfer,express,1,
388,ORD-20230710-00388,86,2023-07-10,refunded,3310.07,8,360,695.11,4100.37,cash_on_delivery,pickup,,
389,ORD-20231004-00389,106,2023-10-04,processing,1125.36,5,130,236.33,1435.42,credit_card,standard,,
390,ORD-20250414-00390,62,2025-04-14,delivered,3982.02,0,300,836.22,5118.24,bank_transfer,standard,,
391,ORD-20250509-00391,49,2025-05-09,pending,2607.4,6,220,547.55,3218.51,debit_card,pickup,,Nota del cliente: Entregar por la tarde
392,ORD-20240812-00392,163,2024-08-12,delivered,3039.47,12,350,638.29,3663.02,debit_card,express,4,
393,ORD-20240516-00393,56,2024-05-16,refunded,2941.68,13,370,617.75,3547.01,debit_card,same_day,,
394,ORD-20231024-00394,20,2023-10-24,cancelled,2177.24,1,220,457.22,2832.69,bank_transfer,standard,,Nota del cliente: Entregar por la tarde
395,ORD-20240607-00395,21,2024-06-07,shipped,119,19,60,24.99,181.38,mercadopago,express,,
396,ORD-20230731-00396,139,2023-07-31,processing,3621.63,10,120,760.54,4140.01,debit_card,standard,,
397,ORD-20240706-00397,10,2024-07-06,delivered,1158.4,5,440,243.26,1783.74,debit_card,same_day,,Nota del cliente: Envolver para regalo
398,ORD-20230215-00398,154,2023-02-15,refunded,1300.24,17,460,273.05,1812.25,cash_on_delivery,same_day,5,
399,ORD-20231101-00399,82,2023-11-01,refunded,4484.02,19,440,941.64,5013.7,mercadopago,express,,Nota del cliente: Llamar antes
400,ORD-20250514-00400,128,2025-05-14,refunded,910.08,5,370,191.12,1425.7,mercadopago,express,,
401,ORD-20250623-00401,3,2025-06-23,confirmed,650.67,14,50,136.64,746.22,cash_on_delivery,pickup,,
402,ORD-20240831-00402,49,2024-08-31,cancelled,2037.65,10,90,427.91,2351.8,debit_card,same_day,,
403,ORD-20241113-00403,72,2024-11-13,confirmed,787.87,14,460,165.45,1303.02,debit_card,same_day,6,
404,ORD-20240725-00404,139,2024-07-25,confirmed,1988.5,1,200,417.59,2586.21,credit_card,same_day,,
405,ORD-20250813-00405,74,2025-08-13,processing,424.15,8,300,89.07,779.29,bank_transfer,pickup,,
406,ORD-20231207-00406,148,2023-12-07,cancelled,724.48,15,250,152.14,1017.95,mercadopago,express,,
407,ORD-20240614-00407,128,2024-06-14,delivered,5738.74,2,100,1205.14,6929.11,bank_transfer,same_day,,
408,ORD-20240604-00408,32,2024-06-04,pending,3753.75,7,300,788.29,4579.28,cash_on_delivery,pickup,,
409,ORD-20230925-00409,35,2023-09-25,pending,3587.37,11,50,753.35,3996.11,credit_card,express,,
410,ORD-20230403-00410,117,2023-04-03,cancelled,3000.53,19,500,630.11,3560.54,credit_card,express,,
411,ORD-20241124-00411,19,2024-11-24,pending,681.44,19,290,143.1,985.07,bank_transfer,same_day,,
412,ORD-20240609-00412,45,2024-06-09,refunded,989.85,17,240,207.87,1269.45,debit_card,pickup,,Nota del cliente: Envolver para regalo
413,ORD-20230920-00413,34,2023-09-20,refunded,2855.74,13,90,599.71,3174.2,debit_card,express,,
414,ORD-20230902-00414,74,2023-09-02,delivered,2205.3,2,380,463.11,3004.3,debit_card,same_day,,
415,ORD-20240226-00415,130,2024-02-26,shipped,3844.98,4,280,807.45,4778.63,debit_card,same_day,,Nota del cliente: Dejar en portería
416,ORD-20250802-00416,77,2025-08-02,delivered,878.61,19,150,184.51,1046.18,bank_transfer,pickup,,
417,ORD-20230825-00417,61,2023-08-25,delivered,169.66,16,190,35.63,368.14,bank_transfer,standard,,
418,ORD-20231218-00418,25,2023-12-18,shipped,2045.74,15,380,429.61,2548.49,debit_card,pickup,,Nota del cliente: Entregar por la tarde
419,ORD-20251110-00419,100,2025-11-10,cancelled,4722.06,9,460,991.63,5748.7,cash_on_delivery,pickup,8,
420,ORD-20250816-00420,89,2025-08-16,confirmed,4262.28,7,380,895.08,5239,debit_card,pickup,,
421,ORD-20240624-00421,136,2024-06-24,cancelled,2221.52,7,500,466.52,3032.53,cash_on_delivery,same_day,3,
422,ORD-20230417-00422,108,2023-04-17,refunded,498.96,3,160,104.78,748.77,mercadopago,pickup,,
423,ORD-20250822-00423,23,2025-08-22,processing,560.76,7,10,117.76,649.27,cash_on_delivery,pickup,,
424,ORD-20230604-00424,49,2023-06-04,confirmed,3182.42,18,100,668.31,3377.89,debit_card,pickup,,
425,ORD-20250902-00425,22,2025-09-02,confirmed,4082.61,16,500,857.35,4786.74,credit_card,standard,,
426,ORD-20230325-00426,81,2023-03-25,shipped,368.68,2,90,77.42,528.73,mercadopago,pickup,,
427,ORD-20250921-00427,138,2025-09-21,processing,2211.5,2,120,464.42,2751.69,cash_on_delivery,express,,
428,ORD-20250810-00428,59,2025-08-10,delivered,47.6,4,170,10,225.7,credit_card,express,,
429,ORD-20240625-00429,17,2024-06-25,confirmed,1314.74,13,360,276.1,1779.92,bank_transfer,express,,
430,ORD-20250907-00430,32,2025-09-07,delivered,3280.35,18,250,688.87,3628.76,debit_card,standard,5,
431,ORD-20240417-00431,23,2024-04-17,pending,1886.62,17,30,396.19,1992.08,credit_card,express,1,
432,ORD-20250201-00432,149,2025-02-01,cancelled,3038.04,8,370,637.99,3802.99,debit_card,same_day,,
433,ORD-20230108-00433,163,2023-01-08,pending,1034.11,4,410,217.16,1619.91,bank_transfer,standard,,
434,ORD-20231026-00434,6,2023-10-26,cancelled,3524.59,8,420,740.16,4402.78,debit_card,pickup,10,
435,ORD-20230310-00435,23,2023-03-10,pending,3527.13,0,120,740.7,4387.83,cash_on_delivery,standard,,
436,ORD-20240130-00436,155,2024-01-30,cancelled,1888.8,13,10,396.65,2049.91,cash_on_delivery,pickup,,
437,ORD-20240309-00437,1,2024-03-09,delivered,2739.87,8,430,575.37,3526.05,debit_card,express,,
438,ORD-20250513-00438,46,2025-05-13,refunded,1376.54,1,160,289.07,1811.84,credit_card,same_day,,
439,ORD-20241230-00439,109,2024-12-30,cancelled,614.6,10,40,129.07,722.21,credit_card,same_day,,
440,ORD-20251120-00440,62,2025-11-20,pending,830.1,18,320,174.32,1175,mercadopago,pickup,3,
441,ORD-20240511-00441,68,2024-05-11,shipped,3858.06,19,120,810.19,4055.22,mercadopago,standard,2,
442,ORD-20241001-00442,101,2024-10-01,confirmed,1769.71,18,490,371.64,2312.8,debit_card,pickup,,
443,ORD-20250824-00443,9,2025-08-24,processing,329.28,7,200,69.15,575.38,mercadopago,same_day,,
444,ORD-20240501-00444,95,2024-05-01,confirmed,1784.48,19,260,374.74,2080.17,debit_card,express,4,
445,ORD-20251021-00445,85,2025-10-21,refunded,3883.33,10,200,815.5,4510.5,cash_on_delivery,standard,,Nota del cliente: Envolver para regalo
446,ORD-20240831-00446,162,2024-08-31,shipped,181.68,11,220,38.15,419.85,cash_on_delivery,same_day,8,
447,ORD-20241129-00447,94,2024-11-29,delivered,1530,6,40,321.3,1799.5,cash_on_delivery,express,4,
448,ORD-20250721-00448,18,2025-07-21,pending,954.76,10,410,200.5,1469.78,credit_card,pickup,,
449,ORD-20240329-00449,165,2024-03-29,pending,191.49,19,500,40.21,695.32,bank_transfer,same_day,,
450,ORD-20240522-00450,126,2024-05-22,confirmed,4218.07,4,310,885.79,5245.14,debit_card,pickup,,
451,ORD-20231024-00451,47,2023-10-24,processing,517.5,15,460,108.68,1008.56,mercadopago,same_day,,
452,ORD-20240927-00452,123,2024-09-27,pending,5063.36,9,400,1063.31,6070.97,cash_on_delivery,same_day,,
453,ORD-20241210-00453,49,2024-12-10,confirmed,3694.71,14,40,775.89,3993.34,bank_transfer,same_day,,
454,ORD-20230312-00454,8,2023-03-12,refunded,2349.34,14,210,493.36,2723.79,credit_card,pickup,,
455,ORD-20231211-00455,159,2023-12-11,refunded,3640.76,4,440,764.56,4699.69,cash_on_delivery,same_day,,
456,ORD-20230827-00456,156,2023-08-27,pending,4528.11,11,190,950.9,5170.92,cash_on_delivery,pickup,,Nota del cliente: Envolver para regalo
457,ORD-20241025-00457,7,2024-10-25,pending,1773.76,16,160,372.49,2022.45,debit_card,express,,Nota del cliente: Envolver para regalo
458,ORD-20240922-00458,111,2024-09-22,shipped,672.31,14,320,141.19,1039.38,bank_transfer,express,,
459,ORD-20240726-00459,11,2024-07-26,cancelled,2950.5,14,450,619.61,3607.04,cash_on_delivery,express,,
460,ORD-20240524-00460,103,2024-05-24,processing,3682.53,17,90,773.33,3919.83,cash_on_delivery,pickup,,Nota del cliente: Envolver para regalo
461,ORD-20250929-00461,167,2025-09-29,refunded,511.85,7,260,107.49,843.51,mercadopago,same_day,,
462,ORD-20240526-00462,84,2024-05-26,delivered,103.82,10,120,21.8,235.24,debit_card,same_day,,Nota del cliente: Llamar antes
463,ORD-20231110-00463,29,2023-11-10,refunded,2209.68,11,320,464.03,2750.65,cash_on_delivery,express,,
464,ORD-20250602-00464,113,2025-06-02,processing,1658.96,4,90,348.38,2030.98,cash_on_delivery,pickup,10,
465,ORD-20251024-00465,59,2025-10-24,cancelled,3584.5,15,20,752.75,3819.58,debit_card,standard,,
466,ORD-20241210-00466,27,2024-12-10,refunded,477.38,1,170,100.25,742.86,bank_transfer,same_day,3,
467,ORD-20230604-00467,166,2023-06-04,cancelled,658.78,10,170,138.34,901.24,mercadopago,pickup,,Nota del cliente: Envolver para regalo
468,ORD-20251115-00468,126,2025-11-15,pending,192.13,2,170,40.35,398.64,debit_card,express,,
469,ORD-20230104-00469,33,2023-01-04,processing,615.15,9,50,129.18,738.97,mercadopago,same_day,,
470,ORD-20251122-00470,76,2025-11-22,shipped,3796.62,16,230,797.29,4216.45,debit_card,express,2,
471,ORD-20250801-00471,136,2025-08-01,processing,4040.92,20,220,848.59,4301.33,bank_transfer,express,,Nota del cliente: Llamar antes
472,ORD-20250309-00472,154,2025-03-09,confirmed,3319,7,300,696.99,4083.66,mercadopago,pickup,,
473,ORD-20240902-00473,101,2024-09-02,cancelled,1734.2,20,130,364.18,1881.54,credit_card,pickup,8,
474,ORD-20230926-00474,37,2023-09-26,processing,3090.2,11,370,648.94,3769.22,cash_on_delivery,express,7,
475,ORD-20240822-00475,160,2024-08-22,processing,2500.63,12,50,525.13,2775.68,bank_transfer,same_day,10,
476,ORD-20230415-00476,163,2023-04-15,processing,5043.69,19,270,1059.17,5414.56,bank_transfer,standard,,
477,ORD-20230517-00477,53,2023-05-17,cancelled,243.58,1,10,51.15,302.29,bank_transfer,pickup,,Nota del cliente: Entregar por la tarde
478,ORD-20230324-00478,40,2023-03-24,pending,1833.21,3,50,384.97,2213.18,credit_card,express,9,
479,ORD-20250225-00479,49,2025-02-25,refunded,3096.88,9,500,650.34,3968.5,mercadopago,express,1,Nota del cliente: Dejar en portería
480,ORD-20250324-00480,3,2025-03-24,shipped,1673.59,17,370,351.45,2110.53,cash_on_delivery,express,,
481,ORD-20230117-00481,62,2023-01-17,cancelled,5331.87,4,450,1119.69,6688.29,credit_card,express,,
482,ORD-20240421-00482,90,2024-04-21,pending,2656.89,5,80,557.95,3162,debit_card,express,,
483,ORD-20250805-00483,92,2025-08-05,cancelled,2511.84,16,250,527.49,2887.44,bank_transfer,same_day,,Nota del cliente: Entregar por la tarde
484,ORD-20230824-00484,114,2023-08-24,confirmed,554,4,230,116.34,878.18,cash_on_delivery,pickup,,
485,ORD-20230206-00485,159,2023-02-06,cancelled,1892.77,10,210,397.48,2310.97,credit_card,express,,
486,ORD-20230326-00486,60,2023-03-26,shipped,887.7,13,400,186.42,1358.72,mercadopago,express,,
487,ORD-20230601-00487,158,2023-06-01,delivered,3823.98,10,300,803.04,4544.62,credit_card,pickup,10,
488,ORD-20230430-00488,140,2023-04-30,shipped,1401.02,10,350,294.21,1905.13,mercadopago,standard,,Nota del cliente: Entregar por la tarde
489,ORD-20231012-00489,72,2023-10-12,pending,2599.81,5,180,545.96,3195.78,cash_on_delivery,express,8,
490,ORD-20240624-00490,11,2024-06-24,shipped,1535.95,10,100,322.55,1804.91,cash_on_delivery,same_day,,
491,ORD-20250820-00491,14,2025-08-20,delivered,1821.35,4,290,382.48,2420.98,debit_card,pickup,,
492,ORD-20250504-00492,72,2025-05-04,processing,889.02,3,90,186.69,1139.04,mercadopago,express,,
493,ORD-20230730-00493,137,2023-07-30,shipped,3029,20,500,636.09,3559.29,mercadopago,express,,
494,ORD-20250517-00494,43,2025-05-17,processing,5890.33,17,250,1236.97,6375.94,bank_transfer,same_day,,
495,ORD-20240517-00495,46,2024-05-17,processing,4601.4,7,300,966.29,5545.59,cash_on_delivery,standard,,
496,ORD-20241020-00496,68,2024-10-20,cancelled,3457.12,0,250,726,4433.12,mercadopago,pickup,,
497,ORD-20251121-00497,136,2025-11-21,processing,4304.76,15,310,904,4873.05,mercadopago,pickup,7,
498,ORD-20240508-00498,2,2024-05-08,pending,2546.96,6,420,534.86,3349,credit_card,pickup,3,
499,ORD-20240314-00499,106,2024-03-14,shipped,2695.67,4,180,566.09,3333.93,cash_on_delivery,same_day,,
500,ORD-20250720-00500,112,2025-07-20,delivered,1786.24,12,310,375.11,2257,mercadopago,same_day,1,